mood,story_title,language,content
happy,The Magic of a Sunday Morning,english,"The sun poured through the open window, painting the kitchen floor in bright, warm gold. Emma stretched her arms high above her head, a genuine smile spreading across her face. Today, she had absolutely nowhere to be. She brewed her favorite coffee, the rich aroma filling the air, and put on an old jazz record. As she danced slightly while pouring her mug, she realized that true happiness wasn't always found in grand achievements or expensive vacations. Sometimes, it was just the perfect quiet of a Sunday morning, a good cup of coffee, and the simple joy of being alive and present. She took a sip, closed her eyes, and let the perfect morning wash over her."
happy,The Unexpected Celebration,english,"When Mark opened his front door, the last thing he expected was a chorus of 'Surprise!' His closest friends were gathered in his modest living room, holding balloons and a slightly lopsided homemade cake. He had genuinely thought everyone forgot his promotion at work. Laughter erupted as he stood there, completely speechless. They spent the evening sharing old stories, playing terrible board games, and eating far too much pizza. Looking around at the faces of people who took the time just to make him smile, Mark's heart swelled. The joy in the room was palpable, a bright, glowing reminder of how beautiful life is when shared with people you love."
sad,The Light After the Rain,english,"It had been raining for three days straight, mirroring the heaviness in Sarah's heart. She sat by the window, watching the drops race down the glass, feeling completely drained and alone. Everything lately felt like an uphill battle. But as the afternoon wore on, the relentless drumming on the roof began to slow. The thick grey clouds suddenly parted, and a brilliant, piercing beam of golden sunlight broke through, illuminating the droplets on the leaves like scattered diamonds. Sarah opened the window and took a deep breath of the crisp, clean earth. The storm had passed. She realized that just like the weather, her sadness was only temporary. The rain was necessary to wash the world clean, making way for the light to return. And slowly, a small, fragile smile touched her lips."
sad,The Old Bookstore,english,"Arthur felt a familiar ache of loneliness as he walked down the quiet street, his shoulders hunched against the chilly wind. He ducked into a small, dusty bookstore to escape the cold. The bell above the door chimed, and he was immediately wrapped in the comforting scent of old paper and leather. As he browsed the aisles, a little orange cat hopped down from a shelf, purring loudly, and rubbed affectionately against his leg. Arthur reached down, feeling the warm, soft fur under his hand. He bought a book he used to love as a child, and the older woman at the counter gave him a warm, knowing smile. Stepping back outside, the wind didn't feel quite as biting. He wasn't entirely fixed, but he felt a little less invisible, reminded that small moments of comfort are always waiting to be found."
stress,A Walk in the Whispering Woods,english,"The notifications on David's phone had been buzzing all morning. Deadlines, emails, endless requests—it felt like a physical weight pressing on his chest. Unable to focus, he left his desk and walked to the small nature reserve behind his neighborhood. As he stepped onto the dirt path, the sounds of the highway faded, replaced by the gentle rustling of leaves and the distant, rhythmic tap of a woodpecker. He stopped and closed his eyes. He took a slow, deep breath, holding the cool forest air in his lungs, then exhaled completely. He did it again. With every breath, the knot in his stomach loosened. The trees had stood here for decades, completely unbothered by the rush of the modern world. David opened his eyes, his shoulders finally dropping. The work would still be there, but right now, he was simply a person standing in a quiet forest, and that was exactly enough."
stress,The Midnight Cup of Tea,english,"Her mind was racing, replaying every mistake she made that day and anticipating every problem she might face tomorrow. Sleep felt impossible. Instead of tossing and turning, she got out of bed and went to the quiet, dark kitchen. She filled the kettle and listened to the soothing, gradual build of the water coming to a boil. She chose a chamomile tea blend and watched the water turn a soft, golden yellow. Sitting by the window, she wrapped both hands around the warm mug. The house was completely silent. In this tiny pocket of the night, there were no expectations. No emails to answer. Just her and the warmth of the tea. She took a slow sip, feeling the heat travel down to her chest. The tension in her jaw relaxed. Tomorrow was a new day, but tonight, she promised herself, was just for rest."
angry,The Art of Letting Go,english,"The argument had left James practically shaking. His jaw was clenched so tight it hurt, and hot, furious energy coursed through his veins over the sheer unfairness of it all. Wanting to scream, he instead grabbed his running shoes and hit the pavement. For the first mile, his footsteps hit the ground hard, driven by pure frustration. But as his breathing grew heavier and his muscles warmed up, the anger began to burn off like morning fog. By the third mile, the sharp sting of betrayal had dulled. He reached the top of the hill and looked out over the city lights below. Why was he letting someone else control his peace? The realization hit him like a cool breeze. He didn't have to carry this fire. He took a massive breath of the night air and let it go. The walk home was completely silent, but for the first time all day, his mind was finally clear."
angry,The Broken Mug,english,"It was the final straw. After a horrible day of everything going wrong, the handle of her favorite coffee mug snapped off, sending dark liquid splashing across the kitchen floor. Elena let out a scream of pure frustration, ready to burst into angry tears. She grabbed a towel and dropped to her knees to aggressively scrub the floor. But as she wiped away the mess, she spotted a small, forgotten photograph under the fridge. It was a picture of her and her sister at the beach years ago, both covered in mud and laughing hysterically. Elena stared at it, the red-hot anger in her chest suddenly freezing, then slowly melting away. It was just a mug. It was just a bad day. She sat on the kitchen floor amidst the spilled coffee and found herself letting out a small, tired laugh. Taking a deep breath, she decided to leave the rest of the mess for a few minutes, finally choosing to give herself some grace."
happy,పండుగ పూట సంతోషం (Joy of a Festival),telugu,"ఉదయాన్నే లేవగానే ఇల్లంతా పూల వాసన, వంటగది నుంచి వస్తున్న పాయసం సువాసన మనసును ఉల్లాసపరిచాయి. అందరూ కొత్త బట్టలు వేసుకుని, నవ్వుతూ మాట్లాడుకుంటూ ఉంటే ఆ ఇల్లు కళకళలాడుతోంది. ఆ రద్దీలో కూడా ఒక విధమైన ప్రశాంతత ఉంది. కుటుంబ సభ్యులందరూ కలిసి భోజనం చేస్తున్నప్పుడు, పాత జ్ఞాపకాలు నెమరువేసుకుంటూ నవ్వుకున్నారు. ఆ క్షణం, జీవితంలో ఇంక ఏమీ అవసరం లేదని, ఈ చిన్న చిన్న క్షణాలే నిజమైన ఆనందాన్ని ఇస్తాయని అర్థమైంది. ఇదొక మర్చిపోలేని సంతోషకరమైన రోజు."
happy,మొదటి వాన (The First Rain),telugu,"చాలా రోజుల ఎండల తర్వాత, హఠాత్తుగా ఆకాశం మేఘావృతమైంది. చల్లటి గాలి వీయడం మొదలైంది. ఒక్కసారిగా ఒక పెద్ద చినుకు మట్టి మీద పడగానే.. ఆ మట్టి వాసన మనసును తాకింది. పిల్లలు కాగితం పడవలు పట్టుకుని వీధుల్లోకి పరుగులు తీశారు. అప్పటి వరకు ఉన్న ఉక్కబోత మాయమై, ఒక తెలియని ఆనందం అందరిలోనూ చిగురించింది. ఆ చిరుజల్లుల్లో తడుస్తూ, ఆకాశం వైపు చూస్తూ, ప్రకృతి చేసే ఈ అద్భుతానికి మనసు ఉప్పొంగిపోయింది. ఆ క్షణంలో ఉన్న ఆనందం ఏ మాటల్లోనూ చెప్పలేం."
sad,చీకటి తర్వాత వెలుగు (Light After Darkness),telugu,"ఆ రోజు తనకు అంతా కోల్పోయినట్లు అనిపించింది. కళ్లలో నీళ్లు ఆగడం లేదు, మనసంతా ఒక తెలియని బాధ. గదిలో ఒంటరిగా కూర్చుని, బయట కమ్ముకొస్తున్న చీకటిని చూస్తూ ఉండిపోయాడు. అప్పుడే, ఆకాశంలో ఒక చిన్న నక్షత్రం మిణుకుమిణుకుమంటూ కనపడింది. ఆ రాత్రి ఎంత చీకటిగా ఉంటే, ఆ చిన్న నక్షత్రం అంత ప్రకాశవంతంగా మెరుస్తోంది. ఆ దృశ్యం చూసాక అతని మనసులో ఒక చిన్న ఆశ రగులుకుంది. కష్టాలు కూడా రాత్రి లాంటివే, అవి శాశ్వతం కాదు. ఉదయం ఎలాగూ వస్తుంది, ఈ బాధ కూడా అలాగే తీరిపోతుందని నమ్మకం కలిగింది. తన కన్నీళ్లు తుడుచుకుని, రేపటి కోసం మళ్లీ అడుగు ముందుకు వేశాడు."
stress,ప్రశాంతమైన ఉదయం (A Peaceful Morning),telugu,"పని ఒత్తిడి, ఫోన్ కాల్స్, ఆలోచనలతో తల పగిలిపోతున్నట్లు ఉంది. ఎటూ పాలుపోని స్థితిలో బయటకు నడిచాడు. ఊరి చివర ఉన్న చెరువు దగ్గరకు వెళ్ళేసరికి ఉదయం సూర్యుడు మెల్లగా ఉదయిస్తున్నాడు. చల్లని గాలి ముఖాన్ని తాకింది. చెరువులోని నీరు ఎంతో నిశ్శబ్దంగా ఉంది, ఆ నీటిపై సూర్యకిరణాలు బంగారు రంగులో మెరుస్తున్నాయి. అక్కడ కూర్చుని, కళ్ళు మూసుకుని దీర్ఘంగా గాలి పీల్చుకున్నాడు. ప్రకృతిలోని ఆ ప్రశాంతత మెల్లగా అతనిలోని ఒత్తిడిని కరిగించేసింది. సమస్యలు అలాగే ఉన్నా, వాటిని ఎదుర్కొనే ఒక కొత్త బలం, ప్రశాంతత ఆ క్షణం తనలో నిండిపోయాయి."
angry,శాంతించిన సముద్రం (The Calmed Ocean),telugu,"జరిగిన అవమానానికి అతని రక్తం మరుగుతోంది. ఆవేశంతో పిడికిలి బిగించాడు, ఎవరి మీద అరిచేయాలో అర్థం కావడం లేదు. కోపంతో గబగబా నడుస్తూ సముద్ర తీరానికి చేరుకున్నాడు. రాకాసి అలలు ఒడ్డును తాకి వెనక్కి వెళ్తున్నాయి. గంటల తరబడి ఆ అలల శబ్దాన్ని వింటున్నాడు. ఎంత ఉగ్రంగా ఉన్న సముద్రమైనా కొంత సేపటికి శాంతించాల్సిందే అని అతనికి అనిపించింది. మన కోపం కూడా అలాంటిదే, అది ఒక ఉప్పెనలా వచ్చి మన శాంతినే నాశనం చేస్తుంది. గట్టిగా ఊపిరి పీల్చుకున్నాడు. మనసులోని ఆవేశాన్ని ఆ గాలితో వదిలేసాడు. కోపం వల్ల సాధించేది ఏమీ లేదన్న నిజం స్వీకరించి, ప్రశాంతమైన మనసుతో వెనుదిరిగాడు."
happy,मंज़िल की खुशी (The Joy of the Destination),hindi,"सालों की मेहनत और कई रातों की नींद कुरबान करने के बाद, आज जब उसने अपना नाम लिस्ट में सबसे ऊपर देखा, तो उसे अपनी आँखों पर यकीन नहीं हुआ। खुशी के मारे उसकी आँखों से आँसू छलक पड़े। उसने सबसे पहले अपनी माँ को फोन किया। माँ की रुंधे गले से निकली वो गर्व भरी आवाज़ सुनकर लगा जैसे दुनिया की हर ख़ुशी आज उसके कदमों में है। वो दौड़कर छत पर गया और खुली हवा में एक गहरी साँस ली। आज हवा भी कुछ मीठी लग रही थी। ये जीत सिर्फ उसकी नहीं थी, ये एक नई शुरुआत थी। हर संघर्ष का फल आज मीठा लग रहा था।"
happy,पुराने दोस्त की मुस्कान (An Old Friend's Smile),hindi,"ट्रेन के डिब्बे में चढ़ते ही सामने देखी हुई सीट पर नज़र पड़ी, और उसका दिल खुशी से भर गया। वहाँ उसका स्कूल का सबसे अच्छा दोस्त बैठा था, जिससे वो सालों से नहीं मिला था। दोनों एक-दूसरे को देखकर बस मुस्कुराते रहे, शब्द जैसे कम पड़ गए थे। सफर के वो चार घंटे कैसे बीत गए, पता ही नहीं चला। पुरानी यादें, बचपन की शरारतें और बेतहाशा हंसी। लगा जैसे वक्त पीछे लौट आया हो। उस दिन उसे एहसास हुआ कि जीवन की सबसे बड़ी दौलत ये अनमोल यादें और सच्चे दोस्त ही हैं।"
sad,उम्मीद की एक किरण (A Ray of Hope),hindi,"आज का दिन बहुत भारी था। नौकरी हाथ से चली गई थी और सब कुछ खत्म होता सा महसूस हो रहा था। वो पार्क की एक बेंच पर उदास बैठा था। तभी उसकी नज़र एक छोटी सी चींटी पर पड़ी जो एक बड़े से दाने को दीवार पर चढ़ाने की कोशिश कर रही थी। वो बार-बार गिरती, लेकिन फिर उठकर कोशिश करती। आखिर में, वो सफल हो गई। उसने उस चींटी को देखा और खुद से कहा, 'अगर ये छोटी सी जान हार नहीं मान सकती, तो मैं कैसे हार मान लूँ?' उसके भारी मन में एक हल्की सी उम्मीद जागी। रात चाहे कितनी भी गहरी हो, सवेरा ज़रूर होता है। उसने अपने कंधे सीधे किए और एक नई शुरुआत का फैसला किया।"
stress,पहाड़ों की शांति (Peace of the Mountains),hindi,"शहर के शोर-शराबे और रोज़मर्रा की उलझनों से उसका दिमाग सुन्न पड़ गया था। उसने फ़ोन बंद किया और कुछ दिनों के लिए पहाड़ों की तरफ निकल पड़ा। जब वो वहां पहुँचा, तो सिर्फ हवा की सरसराहट और नदियों का संगीत था। उसने एक ऊंची चोटी पर खड़े होकर अपनी आँखें बंद कीं और ठंडी हवा को अपने चेहरे को छूने दिया। उस ऊँचाई से शहर की सारी परेशानियाँ बहुत छोटी लग रही थीं। प्रकृति के उस सन्नाटे ने उसके दिमाग के शोर को एकदम शांत कर दिया। उसने एक गहरी साँस ली और महसूस किया कि आज वो पूरी तरह से आज़ाद और रिलैक्स है।"
angry,माफी की ताक़त (The Power of Forgiveness),hindi,"वो गुस्से से आग-बबूला हो रहा था। किसी ने उसे बिना वजह गलत ठहराया था। वो पलटकर जवाब देने ही वाला था, कि अचानक उसे अपनी दादी की कही एक बात याद आ गई—'गुस्सा उस जलते हुए कोयले की तरह है, जिसे तुम दूसरों पर फेंकने के लिए पकड़ते हो, लेकिन उससे सिर्फ तुम्हारा ही हाथ जलता है।' उसने अपनी मुट्ठियाँ ढीली कीं। उसने एक लंबा घूंट पानी का पिया और आँखें बंद कर लीं। जो शख्स उसे गुस्सा दिला रहा था, वो खुद अपनी नफरत में जल रहा था। उसने तय किया कि वो अपनी शांति को किसी और की वजह से बर्बाद नहीं होने देगा। उसने मुस्कुराकर उस जगह को छोड़ दिया। उस दिन उसे समझ आया कि असली ताक़त गुस्सा करने में नहीं, बल्कि उसे भूल जाने में है।"
